{
  "units_sold": 8.0,
  "ig_followers_log": 6.111467339502679,
  "ig_posts_log": 4.477336814478207,
  "ig_engagement_proxy_log": 1.252762968495368,
  "was_called": 1.0,
  "call_duration_min": 0.4938888888888888,
  "total_calls_clip": 4.0,
  "answer_rate": 1.0,
  "census_hispanic_pct": 0.265237533040967,
  "census_overall_score": 27.710304251458293,
  "census_median_household_income": 78015.77302988758,
  "census_first_home_buyer_score": 26.074996751023576,
  "census_spanish_marketing_opportunity": 0.0940945730180383,
  "census_lep_spanish_pct": 0.0359375727266755,
  "census_bilingual_spanish_pct": 0.2021004307019977,
  "census_homeownership_rate": 0.6664087365210342,
  "census_latino_market_score": 32.53247337655873,
  "census_first_time_buyer_potential": 0.1012027477672222,
  "state_conversion_rate": 0.5711743772241993,
  "content_lang_score": 0.0,
  "has_instagram": 1.0,
  "company_has_spanish_name": 1.0,
  "company_is_latino_brokerage": 0.0,
  "ig_spanish_signals": 0.0,
  "ig_realtor_signals": 0.0,
  "ig_posts_spanish": 0.0,
  "ig_mentions_latino": 0.0,
  "ig_nahrep": 0.0,
  "ig_collaborates": 0.0,
  "ig_is_private": 0.0,
  "comm_first_time_buyer": 0.0,
  "comm_family_community": 0.0,
  "comm_relocation": 0.0,
  "comm_veterans": 0.0,
  "comm_luxury": 0.0,
  "comm_investor": 0.0
}