{
  "AL": 0.3333333333333333,
  "AR": 1.0,
  "AZ": 0.4574468085106383,
  "CA": 0.3277310924369748,
  "CO": 0.5636363636363636,
  "CT": 0.8536585365853658,
  "DC": 0.6,
  "DE": 0.75,
  "FL": 0.5669291338582677,
  "GA": 0.5909090909090909,
  "IA": 0.8,
  "IL": 0.5948275862068966,
  "IN": 0.36585365853658536,
  "KS": 1.0,
  "LA": 0.3333333333333333,
  "MA": 0.8333333333333334,
  "MD": 0.5294117647058824,
  "MI": 0.9,
  "MN": 0.8444444444444444,
  "MO": 0.9375,
  "MS": 1.0,
  "NC": 0.6182108626198083,
  "ND": 1.0,
  "NJ": 0.5357142857142857,
  "NM": 0.7,
  "NV": 1.0,
  "NY": 0.8888888888888888,
  "OH": 0.8823529411764706,
  "OK": 0.6,
  "OR": 0.8771929824561403,
  "PA": 0.8541666666666666,
  "RI": 1.0,
  "SC": 0.6153846153846154,
  "TN": 0.7181818181818181,
  "TX": 0.5892857142857143,
  "UT": 0.5277777777777778,
  "VA": 0.5161290322580645,
  "WA": 0.8333333333333334,
  "WI": 0.7647058823529411,
  "WV": 0.2857142857142857,
  "__global__": 0.5711743772241993
}