{
  "AL": 0.5495524641432115,
  "AR": 0.6216244504919405,
  "AZ": 0.4849615428768224,
  "CA": 0.3767465189042012,
  "CO": 0.5662968390203056,
  "CT": 0.7982694857302352,
  "DC": 0.5752923233350279,
  "DE": 0.6333745938418691,
  "FL": 0.5670183821420645,
  "GA": 0.5858917908197117,
  "IA": 0.6038637519064565,
  "IL": 0.592950347398746,
  "IN": 0.4208502796136248,
  "KS": 0.6216244504919405,
  "LA": 0.5495524641432115,
  "MA": 0.6148675365757216,
  "MD": 0.5333392831245329,
  "MI": 0.6533807829181495,
  "MN": 0.7351364175563464,
  "MO": 0.6985919851462169,
  "MS": 0.5850074618298703,
  "NC": 0.6160598038364725,
  "ND": 0.5850074618298703,
  "NJ": 0.5450458887432104,
  "NM": 0.6033807829181494,
  "NV": 0.7526006022447304,
  "NY": 0.6444931106852815,
  "OH": 0.6837283258877868,
  "OK": 0.5783807829181494,
  "OR": 0.771669325479609,
  "PA": 0.7867875501327458,
  "RI": 0.5850074618298703,
  "SC": 0.5992101380088534,
  "TN": 0.6866802236908999,
  "TX": 0.5887324147828167,
  "UT": 0.5405414834973135,
  "VA": 0.5214732405072039,
  "WA": 0.7141701714655451,
  "WI": 0.6411751343984251,
  "WV": 0.517168413965567,
  "__global__": 0.5711743772241993
}